[
    {
        "household_size": 1,
        "80%": 70650,
        "50%": 44150,
        "30%": 26500
    },
    {
        "household_size": 2,
        "80%": 80750,
        "50%": 50450,
        "30%": 30300
    },
    {
        "household_size": 3,
        "80%": 90850,
        "50%": 56750,
        "30%": 34100
    },
    {
        "household_size": 4,
        "80%": 100900,
        "50%": 63050,
        "30%": 37850
    },
    {
        "household_size": 5,
        "80%": 109000,
        "50%": 68100,
        "30%": 40900
    },
    {
        "household_size": 6,
        "80%": 117050,
        "50%": 73150,
        "30%": 43950
    },
    {
        "household_size": 7,
        "80%": 125150,
        "50%": 78200,
        "30%": 46950
    },
    {
        "household_size": 8,
        "80%": 133200,
        "50%": 83250,
        "30%": 50560
    }
]
