zipcode,org
90003,SAJE
90061,SAJE
90044,SAJE
90037,SAJE
90089,SAJE
90007,SAJE
90011,SAJE
90001,SAJE
90002,SAJE
90047,SAJE
90062,SAJE
90012,LA CAN
90013,LA CAN
90014,LA CAN
90017,LA CAN
90071,LA CAN
90015,LA CAN
90021,LA CAN
90006,LA CAN
90019,LA CAN
90018,LA CAN
90016,LA CAN
90007,LA CAN
90037,LA CAN
90011,LA CAN
90062,LA CAN
90003,LA CAN
90044,LA CAN
90047,LA CAN
90008,LA CAN
90001,LA CAN
90043,LA CAN
90002,LA CAN
90059,LA CAN
90061,LA CAN
90017,Inquilinos Unidos
90057,Inquilinos Unidos
90026,Inquilinos Unidos
90033,Inquilinos Unidos
90006,Inquilinos Unidos
90015,Inquilinos Unidos
90007,Inquilinos Unidos
90005,Inquilinos Unidos
90020,Inquilinos Unidos
90012,Inquilinos Unidos
90021,Inquilinos Unidos
90011,Inquilinos Unidos
90031,Inquilinos Unidos
90270,EYCEJ
90040,EYCEJ
90022,EYCEJ
90023,EYCEJ
90063,EYCEJ
90201,EYCEJ
90280,EYCEJ
90262,EYCEJ
90222,EYCEJ
90221,EYCEJ
90220,EYCEJ
90242,EYCEJ
90723,EYCEJ
90241,EYCEJ
90240,EYCEJ
90640,EYCEJ
90058,EYCEJ
90255,EYCEJ
90026,CES
90029,CES
90038,CES
90004,CES
90020,CES
90005,CES
90057,CES
90006,CES
90017,CES
90015,CES
90014,CES
90039,CES
90027,CES
90028,CES
90036,CES
90048,CES
90035,CES
90019,CES
90016,CES
90018,CES
90007,CES
91602,CES
91601,CES
91606,CES
91605,CES
91331,CES
91402,CES
91405,CES
91401,CES
91411,CES
91607,CES
91604,CES
91423,CES
90046,CES
91352,CES
91040,CES
91406,CES
91343,CES
91340,CES
90037,CES
90062,CES
90011,CES
90023,Eastside LEADS
90033,Eastside LEADS
90063,Eastside LEADS
90022,Eastside LEADS
90032,Eastside LEADS
90031,Eastside LEADS
90021,Eastside LEADS
90012,Eastside LEADS
91803,Eastside LEADS
91754,Eastside LEADS
90013,Eastside LEADS
90805,LiBRE
90813,LiBRE
90804,LiBRE
90810,LiBRE
90814,LiBRE
90822,LiBRE
90840,LiBRE
90846,LiBRE
90802,LiBRE
90806,LiBRE
90744,CBE
90731,CBE
90710,CBE
90745,CBE
90732,CBE
90717,CBE
90255,CBE
90280,CBE
90001,CBE
90262,CBE
90201,CBE
90270,CBE
90013,LACCLA
90021,LACCLA
90033,LACCLA
90023,LACCLA
90063,LACCLA
90022,LACCLA
90040,LACCLA
90201,LACCLA
90640,LACCLA
90058,LACCLA
90270,LACCLA
90255,LACCLA
90032,LACCLA
90031,LACCLA
90012,LACCLA
91754,LACCLA
91801,LACCLA
91803,LACCLA
90042,LACCLA
90041,LACCLA
90026,LACCLA
90071,LACCLA
90017,LACCLA
90014,LACCLA
90015,LACCLA
90057,LACCLA
90006,LACCLA
91755,LACCLA
90065,LACCLA
90280,LACCLA
90011,LACCLA
93534,SJLI
93535,SJLI
93591,SJLI
93552,SJLI
93551,SJLI
93532,SJLI
93544,SJLI
93543,SJLI
93536,SJLI
93523,SJLI
93553,SJLI
93550,SJLI
93510,SJLI
90302,SJLI
90301,SJLI
90305,SJLI
90304,SJLI
90303,SJLI
90061,SJLI
90044,SJLI
90003,SJLI
90001,SJLI
90222,SJLI
90221,SJLI
90033,SJLI
90250,SJLI
90260,SJLI
90506,SJLI
90249,SJLI
90292,POWER
90291,POWER
90405,POWER
90066,POWER
90230,POWER
91331,POWER
90039,POWER
90027,POWER
90068,POWER
90028,POWER
90038,POWER
90029,POWER
90004,POWER
90020,POWER
90036,POWER
90046,POWER
90048,POWER
90232,POWER
90034,POWER
90035,POWER
90064,POWER
90025,POWER
90005,POWER
90010,POWER
90024,POWER
90026,POWER
91402,POWER
91340,POWER
91342,POWER
91604,POWER
91602,POWER
91423,POWER
91403,POWER
91601,POWER
91607,POWER
91606,POWER
91401,POWER
91411,POWER
91405,POWER
91605,POWER
91352,POWER
91343,POWER
91345,POWER
90723,ACCE
90201,ACCE
90270,ACCE
90280,ACCE
90007,ACCE
90008,ACCE
90062,ACCE
90037,ACCE
90011,ACCE
90044,ACCE
90043,ACCE
90057,ACCE
91766,PEOC
91767,PEOC
91768,PEOC
